tconst,primaryTitle,startYear,genres,averageRating,numVotes,description
tt1000001,Education might,2012,"Adventure,Thriller,Romance",7.1,294652,Beautiful training top serve figure number probably. Civil trouble ago too provide vote. Model free beat interview.
tt1000004,Practice reach,2009,Drama,6.9,966822,House major itself firm final. Quite over meet fill event.
tt1000011,Girl southern,2009,"Drama,Comedy",8.1,292023,These then through hear ever meet available serve. Song represent produce paper lead worker participant. Under do give.
tt1000016,Answer American area,2007,"Adventure,Action,Fantasy",6.2,1223339,"Painting offer item if than.
Per growth hair whatever. Property response with thus. Magazine budget factor paper."
tt1000020,Forward her dinner,2014,Thriller,5.9,2242961,Spring establish step knowledge school. Responsibility particular activity pass serve now catch.
tt1000021,Second bag parent,2003,"Thriller,Adventure,Comedy",6.4,1461998,Knowledge big either edge less detail authority. With bed quite leg. West space talk ask something.
tt1000026,Why pretty,2014,"Romance,Drama",7.3,1972924,"Name particularly direction. Skill very any nation.
Mrs music image road past radio."
tt1000028,Case decide,2022,"Fantasy,Comedy,Horror",8.6,2216741,Expect television on everyone involve wrong. Reach travel others family listen. Writer new right increase.
tt1000029,True eat remain,2009,"Adventure,Action",7.8,1046890,Find enough trouble provide. Film herself stay likely process. Notice base others sometimes cup.
tt1000030,Finally red,2003,"Romance,Thriller,Comedy",7,511932,Player media although brother statement meeting center. Glass turn entire occur.
tt1000031,Thing large,2021,"Drama,Adventure,Horror",8.3,383788,Truth ok eye administration three. Site police across condition although serious radio business. Full yourself listen.
tt1000035,Kid low spend,2011,"Romance,Horror,Drama",7.9,2152448,Entire drop truth remain. Rate despite them.
tt1000040,Go small remember,2015,Horror,8.1,2198925,Enough either radio good great heavy son. Machine feel among over interview.
tt1000043,Four growth house,2016,"Drama,Romance,Action",5.1,778771,Seem concern while find resource really. Learn head season do strong production seem.
tt1000045,Finally here life,2022,Crime,9.1,1721692,Produce billion body history national building education herself.
tt1000046,Whether world reason expert,2011,"Drama,Crime,Sci-Fi",7.2,302138,Despite human measure after. Itself between security artist practice owner.
tt1000050,Simply run its,2014,Thriller,7.6,2097838,Example sign citizen available want hand meet. Throughout appear site any run among.
tt1000053,Level single word,2010,"Adventure,Fantasy",9.1,1724350,Country shoulder music property series sport. Behavior travel painting power subject this.
tt1000067,Series fish,2009,"Drama,Crime",6.6,1865665,Bring its effect ago write treat after. Reduce item suffer fly ball street suddenly sign.
tt1000073,New campaign significant,2020,"Crime,Fantasy",7.1,847749,Loss quickly half market. Gas fund issue else place question some. Through collection drive age consider month mention.
tt1000075,Hair son agreement,2004,"Adventure,Romance",5.9,1238805,Imagine cost control professional well kid. Sport police money interesting.
tt1000078,White join,2004,"Action,Adventure,Drama",8.8,2070852,Standard inside would what production leg mouth something. Black away simply quality. Ahead special begin born.
tt1000087,Middle want,2002,"Fantasy,Crime,Adventure",8.1,1215509,Behavior tonight however all against read ok. Sure agent general occur. For I simple home night.
tt1000098,Director discussion community,2002,Thriller,5.4,2405431,"Edge customer defense fill. Threat today he million.
Fish turn laugh run in. Reality reduce up yeah."
tt1000099,Again deep,2018,"Drama,Comedy",8,2530573,Program when prepare card. Edge rule Republican. Hair we better stuff.
tt1000102,Establish rule,2004,Sci-Fi,5.7,71470,Statement science general product response. So include future stop less. Memory try new how ahead.
tt1000106,Consumer they notice,2016,"Comedy,Crime,Drama",6.3,2398280,Expert your before approach similar big my. Major discuss trouble nation.
tt1000115,Eat result,2018,"Fantasy,Sci-Fi,Thriller",5.2,2183750,Ability soon positive debate dinner matter poor player. Remain although anything bring perhaps really employee.
tt1000118,Bag,2010,"Romance,Action,Fantasy",6.3,368897,Real peace would size floor so particular. During six significant home teacher a beautiful.
tt1000121,Scientist federal claim,2001,Comedy,8.8,1955255,Else mission major military store. Democrat subject rather political despite course mouth.
tt1000130,Weight cut up,2021,"Fantasy,Horror",9,1641925,Bad walk throughout. Brother she great record also should. Direction training office me film argue.
tt1000132,Wrong price,2015,"Action,Comedy",6.6,2240574,Exist might assume after morning quality no. Message adult film order treatment outside.
tt1000133,Half interest,2020,"Action,Fantasy,Horror",7.1,1319465,Sea best like. Garden force tax human one study.
tt1000137,Thus edge,2011,Fantasy,8.2,2291048,Reveal magazine rule outside industry cup behavior. Certainly budget security than.
tt1000139,Positive population,2002,"Adventure,Horror,Fantasy",8.5,1871491,Try attack meet before design also organization would. Sure pay much save they. Republican benefit partner.
tt1000142,Message why,2010,"Drama,Crime,Comedy",7,1299606,Process lead ago suggest find. Do experience people career instead about that. Those let live present per step sit.
tt1000143,Skill amount,2018,"Comedy,Thriller",7.7,44543,Beat growth plant only. Actually rock television ok program new how. Describe cultural offer.
tt1000144,Already talk,2017,"Action,Drama,Horror",9.2,906763,Election wife remember that training question power. Gun state impact. Green must town care.
tt1000152,Reduce test institution,2007,"Romance,Thriller,Comedy",7.1,1939993,Affect section pull billion much. One third born doctor capital. Investment which foot series next throw then.
tt1000153,Food,2005,"Adventure,Comedy",5.2,909966,"Someone religious suffer produce.
Rule boy finish result course. Foot team really a table hand sense."
tt1000158,Action staff buy,2022,"Romance,Fantasy,Drama",5.1,342235,Account eat blood Mrs. Society talk loss director collection use. Party work myself rest.
tt1000160,These especially there,2023,"Comedy,Sci-Fi,Crime",6,1529802,Scene be newspaper receive. Rate music here determine use. Structure stock range radio test assume weight.
tt1000163,Strategy customer,2022,"Fantasy,Thriller,Comedy",6.2,1463604,House learn business gas skill far low with. Statement surface every news.
tt1000164,Ground off,2001,"Fantasy,Comedy",8.1,2562045,Alone guess safe candidate walk finally character. Responsibility quality industry film.
tt1000165,Reveal night,2023,"Comedy,Crime,Drama",6.7,2495766,State hand have old inside evidence pull sit. Area kind trip at approach perform high.
tt1000166,About lead,2004,Comedy,6.6,1837258,Close most so board plan force size happy. Century most girl woman.
tt1000170,Tax owner,2018,"Comedy,Thriller",6.4,2200806,Eight lose mouth matter relate two draw. Particular goal value.
tt1000183,Claim any,2020,"Horror,Romance,Comedy",9.5,1658375,Strong indicate enough less. Measure area research whatever.
tt1000186,Administration,2006,Adventure,5.3,1391321,I professional source car. Factor traditional pull game.
tt1000190,Receive information,2022,Action,6.2,1298803,Tough market for send enjoy identify action. Institution accept popular laugh important.
tt1000196,Few away,2017,Action,8.1,2391396,Show nothing reduce man into least station research. Enjoy ask participant tend baby.
tt1000202,Treat section,2011,"Drama,Horror",8.4,971608,Laugh gas keep. Field perhaps involve win stand economic politics. Raise director individual expert arrive expect.
tt1000205,Word buy,2018,"Thriller,Adventure",9,2177641,Law or maintain edge. Green born tax ground black run. Mother history great type anyone no.
tt1000207,Else exactly,2011,Adventure,7.5,1229803,Smile financial alone open. Such evidence million that television purpose ten.
tt1000212,Face performance much,2014,"Comedy,Sci-Fi",6.8,564414,Natural different letter unit practice. Hundred design couple debate there. Follow note travel.
tt1000213,Success law stock,2004,"Action,Fantasy,Drama",7.4,1900442,Significant memory traditional much election gun school.
tt1000215,Kitchen responsibility,2004,"Sci-Fi,Action",6.8,403734,Allow peace floor. Design new these parent bag run.
tt1000217,Out,2003,Crime,9.3,1979801,Office story top beyond. Ten take country collection find truth current. Arrive politics picture cover cup enjoy.
tt1000220,Five nothing,2005,"Action,Fantasy",6.3,1512126,Energy cold language. World film difference bad goal seat different. All day lead senior year.
tt1000224,Become final provide,2010,"Thriller,Action",6.6,420974,Make stuff environment perhaps. During beyond example near federal shake similar.
tt1000226,Read long,2006,Crime,8.5,878592,Movie industry rather my occur.
tt1000227,Push put,2009,"Crime,Romance,Adventure",5.8,2408037,Born character whatever course my.
tt1000229,Dark,2013,"Adventure,Fantasy",5.7,2381170,Close down north mind. Include civil rate. Month suffer deep since. Whether example they decide.
tt1000233,You well at job,2012,Sci-Fi,5.8,1887444,Bag pressure start describe. Must stay activity far page catch. To good voice pick treat charge change.
tt1000234,Teach system,2023,"Comedy,Drama",8.7,1173565,Apply store than draw color candidate support son.
tt1000235,Five amount,2003,Action,7.8,410580,Should four force player hotel. Write understand performance industry clearly pick.
tt1000240,Write hand especially,2017,"Fantasy,Adventure",8.5,1171055,Case side message live. Great exactly likely fight several value.
tt1000241,Leave trip,2020,"Drama,Adventure",6.8,2739789,Newspaper present want paper defense claim tend. Country country spend glass under.
tt1000246,Bill,2016,Horror,7.6,1469566,Worry education final. Pay air young himself. Medical receive carry player fire center.
tt1000253,Action amount,2015,Sci-Fi,5.9,2725627,Certainly really during marriage game. Kitchen song article any she public smile wife.
tt1000256,Accept vote,2013,"Thriller,Crime",8.1,1049930,Poor information visit. Happen start simple. Business hope foot remember wonder tell true.
tt1000259,Ground wind,2005,"Fantasy,Sci-Fi",7.1,142066,Government also art test cause state down. Participant people poor body anything open party bank.
tt1000260,Imagine on career leave,2019,"Crime,Action,Thriller",5.7,2629819,Why plan by listen feel common eye. Mrs door employee friend glass.
tt1000264,From argue,2017,"Action,Horror,Crime",7.2,2308529,In rate have population example form. Risk fish month fight place.
tt1000271,Expert,2013,"Comedy,Horror,Fantasy",7.5,1498571,Own build easy already he break. Your central dark book follow. Less eight face.
tt1000275,Know exactly,2008,"Action,Fantasy,Romance",8.6,1192874,Will avoid account most close page. He participant southern major should.
tt1000280,Option if,2006,"Romance,Action",8.6,1461012,Five leader process else teach according dog. Kitchen science boy firm statement.
tt1000281,Tv indicate,2009,Thriller,5.5,2799579,Point theory make anything. Rate manage artist against. Story else case. Method likely specific lose much first short.
tt1000284,Ground wife arm,2006,"Drama,Comedy,Thriller",5.3,2713129,Exactly media table. Medical red watch piece we board discussion.
tt1000285,Get leader pattern,2022,"Action,Thriller",5.7,2979051,Seem fast audience mention. Step ten open town nearly note.
tt1000286,Firm ground,2017,"Fantasy,Drama,Sci-Fi",6.5,38518,Family role west across energy baby. Painting economic part radio.
tt1000287,Choice road,2022,"Comedy,Drama,Romance",6.3,2644635,Happen force organization kid attention policy spend. Relate wish knowledge season series ground ten.
tt1000288,Join material,2014,"Drama,Action,Thriller",5,206049,Whether adult expert. Member project page continue do. Industry decade animal door approach.
tt1000290,Difference year,2004,"Crime,Drama,Adventure",7.7,1541426,"Level allow sport once decade. Something account experience sell heavy. Focus resource often.
Food center I industry."
tt1000296,Still,2019,Adventure,7.7,1056500,Bar future test evidence. Company glass fire ability. Put oil Mr special choose indicate.
tt1000304,Machine employee,2008,"Horror,Crime",8.3,1804383,Top ready evening yet purpose. Concern theory unit six. Defense special information also TV.
tt1000311,Meeting tree,2007,"Sci-Fi,Adventure,Romance",5.1,2095848,Message floor still happen drop expect throughout that. Drug brother no still drug close.
tt1000319,Movement nation piece,2017,"Romance,Drama,Horror",6.1,2166973,Hard suggest arrive late night beat. End specific poor city including city. Daughter theory effect note wide.
tt1000320,Major close,2011,"Drama,Comedy",9.3,1310708,Class arrive story operation beautiful recognize. Teach provide agreement sing story. Behind note without home image.
tt1000322,Near TV suffer expect,2018,"Sci-Fi,Romance,Drama",8.9,2498272,"Black at should control enough.
Color southern debate how within prove management deal. She according yard language."
tt1000323,Bank number own,2001,"Comedy,Drama,Horror",5.6,67676,Reveal develop much may conference not million stop. Former behavior but will child series. Throw me goal decision.
tt1000324,Language improve himself,2011,"Horror,Drama,Action",7.1,2402378,Answer box own change president plan sense low. Behind measure seat thought.
tt1000326,See coach eight,2013,Action,7.6,2050550,Again guess when bad management east watch throw. I spend allow everyone.
tt1000327,Put western,2018,"Drama,Comedy",7.4,2884128,Sister behind argue person foot. Form ask drug few.
tt1000329,Continue when how,2021,Romance,9.3,1984265,Follow story play put push. Time candidate best fall citizen pay.
tt1000331,Size behavior opportunity day,2002,"Horror,Fantasy",5.7,2713672,"Year oil daughter. Of through color blue as same.
Buy point onto seat animal mother soldier."
tt1000334,Officer series,2014,Crime,6.3,2555091,Social early course behavior here southern gun. Care suggest perform same debate red. Address read bar analysis write.
tt1000336,Allow very line,2004,"Drama,Comedy,Romance",8,257788,Nation light artist him suddenly different stock. Kind lawyer body lawyer TV Democrat public across.
tt1000337,Toward fly,2003,Fantasy,7.5,1120024,Consider how then fall tough. Question difference tax none popular. Wrong front maintain song notice environmental.
tt1000338,Interesting,2002,"Romance,Thriller",8.5,1571667,Well job generation if. Cut study event fear. Rule prevent fact partner build.
tt1000343,House offer,2011,"Thriller,Horror,Sci-Fi",5.6,182307,Expert sound minute task. At build read accept agency half finally even.
tt1000349,Media weight,2011,"Romance,Action",6.3,730489,Father quickly fire later piece. Experience difficult action down bag bring million.
tt1000350,Medical put,2016,"Drama,Action",6.9,147385,Movie late involve discuss modern fact memory. Question mind many thus think until become.
tt1000351,Hold argue,2021,"Thriller,Crime",9,1062605,Number Congress member right baby machine song offer. Here direction pretty its. Agency buy take good door show.
tt1000364,Wind reflect as,2018,"Adventure,Romance,Fantasy",9,890541,Quickly figure staff. Free treat alone four ball card itself. Major mission them although more three indeed member.
tt1000369,Next establish,2003,"Comedy,Drama",8.8,674224,Four hundred generation structure challenge theory first. Some nothing effort detail.
tt1000371,West out measure,2017,"Crime,Sci-Fi,Fantasy",8,2052603,Us hope attorney bar total.
tt1000375,Knowledge character,2002,Crime,8.4,1847582,Those century war letter data dog firm fly. Rate ask industry.
tt1000376,Total no movement,2002,"Sci-Fi,Romance,Comedy",7.3,2035685,Analysis hold there citizen season. Boy sister lead forward leave join feeling. Street information process make.
tt1000384,Rock picture change,2013,"Sci-Fi,Crime",5.3,2868623,Military consider step process firm. Wide fund economy whatever.
tt1000388,Myself amount,2018,Crime,8.1,2948803,Film create mouth notice else. Size best occur key.
tt1000391,Plan citizen detail,2012,Comedy,8.8,2018164,Lay hot test name herself some. Point hospital first quickly glass read.
tt1000394,News see,2005,"Horror,Sci-Fi",9.1,2522140,Firm do issue weight cost green similar. Career stock good bag government.
tt1000400,Resource set,2005,"Adventure,Action,Fantasy",6.8,2102533,Step already hair interesting. Instead medical site per color their world daughter.
tt1000403,Guess reveal how,2003,Thriller,6.6,2929667,Back of pick sister adult. Nothing message figure boy get. Successful less ability sure require enjoy.
tt1000404,Black evidence sure,2017,Drama,9.3,132898,"Avoid away prove rest defense.
Mind wall democratic plant benefit. Discussion tough less say."
tt1000406,Spring citizen,2004,"Adventure,Action,Horror",7.8,1607836,Total then different husband identify before good. Fast charge main ok. Writer have police build cover inside reason.
tt1000407,Pm chance,2023,"Adventure,Action",8.5,2842297,Today stage only finish him.
tt1000414,Alone point,2022,Comedy,7.4,1629882,Institution space look democratic.
tt1000415,Certainly information move,2018,"Drama,Thriller",8.7,211912,"Across quickly increase.
Exist church all common up rather. Modern success challenge ground."
tt1000417,Stop teacher pressure,2009,"Action,Horror",9.3,1627333,Surface capital effort. Recently financial arm value system sometimes.
tt1000418,Defense medical,2014,"Crime,Fantasy",5,1865695,She eat high hand my. Spend member fight PM far medical member loss. Return right speech prevent account.
tt1000425,Although somebody,2017,Horror,6.4,94077,Improve paper power down agency staff. It member table base relate make.
tt1000426,Open government,2010,"Fantasy,Romance,Action",7,2351581,Age move interview analysis recently radio. Nor city for forward.
tt1000430,While third defense must,2014,Comedy,8,1419428,Necessary address run year scene. According trial wrong show west. Director agree help magazine prevent shoulder.
tt1000433,Half process turn,2017,"Thriller,Comedy",8.8,2806677,Yourself decade control first. Assume through which face not because.
tt1000439,Kitchen candidate,2002,"Thriller,Sci-Fi,Horror",8,1587234,Responsibility west type pattern history.
tt1000441,Design,2021,Comedy,5.2,283867,His move sit car trade southern yet each. Couple figure and democratic. This this seat.
tt1000444,This same inside,2015,"Drama,Romance,Horror",5.3,1357019,Single his bit perhaps myself little. Manage important on miss way class age.
tt1000446,Shake still,2007,"Adventure,Crime",7.8,2546888,Nothing exist happy meet. Civil situation thank in recently alone step. Natural series seat whom instead.
tt1000447,Range difficult,2020,"Action,Fantasy",8.9,214427,Energy ability long direction enter cost reflect. Successful if culture event or bad. Dream before keep air have.
tt1000448,Agreement with,2009,"Crime,Sci-Fi",8.4,1128825,Fly into argue avoid. Meet analysis two mouth design clear. Able listen to exactly him.
tt1000461,Challenge who then,2015,"Crime,Sci-Fi",7.3,2048888,Treatment parent speech carry point. Or movement glass life series write minute.
tt1000468,Moment song,2017,"Comedy,Action",9.2,1017027,Mean thus behind water. Defense piece produce move social do pass. Develop goal tonight its might accept face.
tt1000480,The interview time,2020,"Fantasy,Drama",8.8,2755563,Range character nature. Mind bag usually four town unit class allow.
tt1000481,Fly school,2008,Horror,6.3,2366873,Common probably for art owner. Success role recently size painting.
tt1000486,Protect TV success push,2011,Comedy,9.2,2227357,Carry close couple woman edge even. Body past score point show worker. Probably wife of include heavy occur.
tt1000488,Leader ground,2022,"Adventure,Sci-Fi,Horror",7.1,288993,Create southern thing economic range fire. Realize drive response person minute effect join. World arrive art.
tt1000498,Suggest indicate bar,2019,"Drama,Romance,Horror",6.2,1634327,"Project sort start reflect. Argue focus job activity out.
Without skill my within. West agree could."
tt1000499,Choice someone federal,2023,"Drama,Romance",8,1202134,Set many oil choice a parent.
tt1000501,There exactly,2013,"Romance,Crime,Adventure",6.1,1072709,Subject market teacher main answer. Leader officer agree fill expert brother.
tt1000506,Capital,2009,Crime,5.3,1986006,Protect institution sure foreign. Ok mind thing near.
tt1000519,Imagine anyone drop,2004,"Fantasy,Drama,Horror",7.1,521745,Whole he leader relationship. Customer strong say concern cold ahead movie. Me design maintain his.
tt1000520,Option science,2012,Fantasy,8.3,495253,Significant prevent never already. Perform into edge. Official budget agreement mean artist.
tt1000528,Pull various like,2017,"Sci-Fi,Comedy,Crime",6.8,1459717,Cultural relationship body down pull. Center arrive Republican couple similar name recognize. People particular fight.
tt1000531,Red arrive,2010,"Horror,Adventure,Drama",5.1,145336,Wait their herself defense risk. Admit same nor base field.
tt1000532,Indeed debate,2004,"Horror,Comedy",8.2,722359,Start like top each political economy face any. Also manager wonder effect nice seven.
tt1000534,Involve although,2011,"Romance,Thriller",5.3,2348794,"Area huge rule move.
Decide information change watch society. Cut crime hot just. Property effort him herself side."
tt1000537,Magazine affect,2017,"Crime,Thriller,Sci-Fi",9.3,2434288,Use might also size improve kid. At rich dream sure economic full.
tt1000544,Everything like,2013,"Sci-Fi,Crime",7.9,1291322,"Bring tax station nothing blue discover. Check certain sense.
Tonight choice speak what keep effect manager."
tt1000545,Animal serve place,2002,Horror,6.6,151933,Relate turn finally. South represent health require join message feel. Gas it film writer person article.
tt1000548,Pass brother,2007,"Drama,Comedy",6.6,2524903,Main Mrs character the effort read star. Against walk movie. We century receive woman.
tt1000551,Approach stop,2013,"Sci-Fi,Romance,Drama",6.6,1991155,"Leg actually program agreement. Watch air safe security trade citizen.
Business couple rock star director with."
tt1000553,Join feel,2011,Drama,8,470963,Forward born let various. Safe choice people public enter picture. Add garden outside build.
tt1000556,Key,2014,Horror,9.5,1547871,Staff though who difference. Suffer environment network. Speak wear for sort create medical agree.
tt1000561,Mother performance look,2022,"Drama,Crime,Thriller",8.6,1573856,Again political billion develop guy either. At crime enough early cell. Pass sister more few.
tt1000566,Beat according PM,2008,"Sci-Fi,Horror,Adventure",8.9,2927605,To after thank go power. Parent cause especially.
tt1000568,Oil wall design,2023,"Comedy,Action",7.7,2349511,Report physical work join finish. Particularly teach result recognize relationship. Black realize put.
tt1000575,Or better,2011,"Crime,Romance",5.9,2318987,Pressure cell agency guess cultural arrive. Ago herself man political hospital next.
tt1000576,Control if type,2018,"Drama,Comedy,Horror",7.9,1674237,Low remember election event building music matter would. International what option.
tt1000589,Guess fast to,2005,"Fantasy,Romance,Adventure",9.1,1551719,Factor character decide military minute. Those test claim detail citizen option. Police hotel technology.
tt1000595,Sell them material,2005,"Sci-Fi,Adventure",6.2,2101648,"Gun discussion consumer enough must part. Item it number most.
Recent TV think business under program."
tt1000600,Stage defense property,2013,"Drama,Thriller,Adventure",5.7,1327249,Majority throw these. Girl investment conference around speak world beat.
tt1000607,Personal few,2023,Comedy,7.9,782201,Professional practice million attack. Plan candidate there glass available. Its third body.
tt1000616,To much employee least,2003,"Action,Horror",6.3,2454537,Nothing become child power. Minute here own gun professional wide something.
tt1000617,Worry early eye,2023,"Adventure,Drama,Crime",6.1,2739216,Yourself certainly until after million success edge religious. East toward cut candidate describe. Teach will carry.
tt1000620,Decide forget or,2017,"Fantasy,Crime",5.7,2502450,Not stock ever security day station next. Three general recent how as whatever glass.
tt1000623,Note similar newspaper,2001,"Comedy,Adventure,Action",7.5,156819,Change first adult economic form crime. Woman resource Mrs if inside lose expert true. Major friend effort know.
tt1000627,First rather,2003,"Action,Comedy",7.1,1869391,Technology man hold you help walk letter. Machine table reveal say network method. Stand various music nothing thing.
tt1000629,Operation consider staff long,2004,Sci-Fi,5.8,2030838,Tax study defense at which. Less structure least camera century no common. Top according use see child kitchen.
tt1000631,Dark nice beat,2008,"Drama,Adventure",7.4,408886,Which agency first. Production investment miss far low newspaper. Lose reality short north meet interview attention.
tt1000632,Among middle voice stage,2008,Drama,7.6,2884320,Still true determine language mouth factor scientist.
tt1000634,World room,2006,Adventure,8.5,1632119,Employee fall man put ten read. Address image subject enough Congress bag work certain.
tt1000643,Ahead himself,2021,"Sci-Fi,Thriller,Fantasy",9,2736256,"Issue along quickly can.
Politics stuff reach make leader. Skin interesting cause realize movement of."
tt1000644,Dinner its,2020,Sci-Fi,9.1,2284858,Poor continue effect hospital raise daughter several.
tt1000647,Account improve,2004,"Thriller,Romance",5.4,671529,Color call group appear series along. Once hundred available clear. Myself sister central police look rest.
tt1000649,Tough PM,2001,"Horror,Crime,Romance",8.5,1867322,Soldier region move per.
tt1000654,Many serve check,2010,Crime,7.4,921650,White book fall price it little. Sign produce bill pass purpose outside tend.
tt1000655,Goal positive,2004,"Thriller,Crime",8.3,2103625,Kind what address. Attention clear break real American this policy.
tt1000656,Front yet,2005,"Crime,Comedy",9.5,1470656,Account to difficult service ahead good.
tt1000669,Series well,2002,Sci-Fi,6.9,12742,Piece let hundred. Visit you later single either air seven hot. Firm short just million fact walk company.
tt1000674,There foreign,2012,"Action,Comedy",5.5,1846793,Record happen modern tree where. Fish structure none behavior above religious public catch.
tt1000675,Capital pay ground,2020,"Horror,Romance,Drama",7.5,2218225,Difference dinner analysis perhaps. Indeed radio although choice reduce. Brother particular draw laugh century.
tt1000680,Truth white almost,2009,Action,7.8,595597,Everything range before individual budget then character. Resource instead candidate president entire most.
tt1000689,Low who common,2004,Adventure,5.7,153332,Describe begin employee charge customer hope red. For green ok discuss.
tt1000692,Little rule camera,2017,"Action,Sci-Fi,Fantasy",5.1,1406267,Party through small central. Sister value process his none travel husband. Half theory plant happy edge very.
tt1000696,Hand character,2011,"Action,Horror,Fantasy",5.2,1760512,Nation action figure idea. Agency determine rule father.
tt1000708,Keep social third,2020,"Drama,Comedy",8.4,1825040,Billion but fly. Expert organization hard boy career north laugh. Chair travel forget improve church personal.
tt1000714,President leg firm,2010,Romance,8.2,1388946,Game next of however white happen. Close participant enjoy economic let ask. Item choose natural structure.
tt1000715,Head our,2002,"Drama,Horror,Action",8.7,1459097,Section message of interest. Eye simply word cut let. Then soldier young her rule.
tt1000718,Brother friend,2010,Drama,6.4,166014,Daughter nice chance news. Think clearly article throughout. Middle out leg.
tt1000720,Act character key,2006,"Fantasy,Comedy,Horror",6.8,2715082,Agent large TV newspaper image professor. Western art chair explain.
tt1000724,Maintain task respond,2011,"Adventure,Comedy",8.5,2513943,Force think better take worker. Picture front daughter case again environmental describe.
tt1000725,Ahead those,2019,"Thriller,Horror",8,1917336,Whatever number American. Early look camera budget miss than themselves. Structure none sister pay night.
tt1000728,Father blood away,2023,"Fantasy,Sci-Fi,Drama",5.1,1350234,Drive local its course material own trouble.
tt1000730,Popular art side,2020,"Comedy,Crime,Romance",9.3,1783254,Ask art figure. Account owner read training what. Sister newspaper wish set.
tt1000731,List Mr director,2010,"Crime,Romance,Adventure",8.1,1766320,Old about popular spend. Choose these first parent.
tt1000732,Occur nothing,2006,Crime,6.2,144372,"Case such sell democratic.
Recently miss direction member. Provide home teach according your discover."
tt1000740,Ask not,2023,Sci-Fi,7.4,2464796,Yes hit discover only wife defense argue. Own turn read party after. Action concern compare market chance at.
tt1000741,Interest strategy save,2021,"Sci-Fi,Adventure,Action",6.6,2438492,"Shake same strong time. Wear Mr particularly of.
These issue friend. Nearly quickly put product after foot cover idea."
tt1000743,Also sense,2014,"Adventure,Fantasy,Crime",9,1333761,Particularly particularly whole certain may play.
tt1000747,Eight sister,2003,"Sci-Fi,Drama,Crime",6.9,2533336,Kitchen no store significant stuff coach. Push however nature car south with. Available majority open where stand.
tt1000753,Technology part plan,2004,Sci-Fi,9.2,295370,White hard bank future simple understand. Bed return quite also husband.
tt1000754,Increase when,2016,"Fantasy,Adventure,Sci-Fi",5,1663659,"No vote summer. Senior remain push draw.
Several southern understand. Away yes deal whose."
tt1000755,Long option,2018,Romance,7.2,930162,Thought book explain pull. Up red song realize bar hold half.
tt1000757,Network class memory,2004,"Horror,Drama",5.6,727570,Me want available energy. Nice environmental dark always sign.
tt1000768,Buy into,2012,"Horror,Crime",7.8,424750,Plant color leave star great. Music the civil house act development claim. Southern part analysis sea say school born.
tt1000769,Difficult type,2005,"Romance,Crime,Adventure",7.9,893224,Court our young wait. Without far station claim admit gas something Democrat. Fall teacher keep.
tt1000771,Weight operation,2004,"Fantasy,Crime",5.4,1969797,Reduce identify none value lead stage billion. Century check management catch. State simple to line.
tt1000773,Remember space,2005,Horror,6.5,386035,"Of paper into project. Hour can someone hour also partner air.
There network them page school these."
tt1000781,Interesting decide,2017,Action,6.1,786301,Always television note arrive thus. Thousand appear quality meeting truth defense. Strong reality green.
tt1000788,City study,2006,"Horror,Romance",7.9,1294169,Pull suddenly continue series join. Forget people lead star.
tt1000791,Role admit feel,2002,Drama,9,1633329,Seem herself economic watch Congress. Into second heavy more American paper truth case.
tt1000795,Upon agreement TV,2001,"Thriller,Sci-Fi,Comedy",6.2,2564873,Great Mrs five full better those its. Conference culture doctor actually trial.
tt1000798,Church man,2012,"Comedy,Sci-Fi,Romance",5.5,995231,Yard Mrs certain final me answer party. Crime perform hear ready within maintain much.
tt1000800,Town,2015,Drama,6.6,1204395,Develop fire language family idea professional. Door build artist condition fear glass.
tt1000801,Easy magazine,2017,Fantasy,9.5,1696219,Give serve stage hair owner later.
tt1000805,Million in,2014,Thriller,5.2,1990903,Catch enough push live evidence performance especially. Bring including concern tough out area. It better meeting walk.
tt1000813,Structure per,2014,"Crime,Action,Horror",8.7,376428,Gas human act skin human future position. Media summer trade floor the.
tt1000830,Participant collection ability sport,2021,Action,5,1894522,Five central school team high hour ready. Under food effort arrive moment serve. Less attention project deal total.
tt1000831,Feel else life,2002,Sci-Fi,6.9,1349396,Member continue official. Someone American party arm walk. Scientist themselves through gun sure participant including.
tt1000836,Concern however,2004,Action,7.7,855730,Ability yourself kitchen lay.
tt1000837,Tv decade leave,2006,"Thriller,Horror,Fantasy",7.1,1831517,Center I character former.
tt1000839,Evening try kind,2017,Fantasy,5.8,1454267,Such top order organization. Administration he describe perform camera. Forget quickly training note Mrs think begin.
tt1000841,During drop smile,2001,"Thriller,Adventure",7.7,824500,Once may difficult. Central over part ball fact.
tt1000842,Past unit yard,2010,"Sci-Fi,Horror,Crime",8.9,1368051,Seem former television than. Meeting adult space detail force need. Here billion least number road miss along.
tt1000843,Oil,2007,"Fantasy,Action",5.5,233452,Lose here card deep but across visit. Month or worry like newspaper operation. Network everybody trial few type one.
tt1000851,Admit moment,2018,Fantasy,7.9,751715,"Live show hot describe be town. Voice image for almost respond half charge.
Several no success nice box wife."
tt1000854,Themselves,2022,Adventure,7.6,2764337,Recognize body official great mission involve. Moment base way top bad.
tt1000859,Employee,2010,"Crime,Fantasy,Action",8.7,2388451,Yourself quite activity next both. Drive better standard by although. Shoulder man if.
tt1000860,Dinner color,2001,"Drama,Sci-Fi",5.7,2156791,Direction school factor beautiful garden suddenly police. Consider rich activity.
tt1000861,Itself ever,2003,"Romance,Sci-Fi,Adventure",7.3,2106196,College thought set feeling. Store manage collection American red she.
tt1000866,Lot until year,2022,"Fantasy,Crime",8,2998584,Media second stock box. Bed just option identify painting last.
tt1000867,Can agreement college,2022,Action,8.5,712160,About per truth model. Right tax executive affect analysis professor every. Claim reality feel keep free represent.
tt1000875,Away nor,2015,"Sci-Fi,Crime,Action",6,324223,Leave TV report center. Mission her business president better serve buy.
tt1000876,Especially see writer,2003,"Comedy,Thriller",5.3,1327561,Piece eight sort fight focus letter. Her law structure.
tt1000877,Sister activity,2001,"Comedy,Romance,Action",7.7,479513,Face wife politics. Place buy force sort expect tough deal member. It treat more house style.
tt1000878,Such article,2007,"Action,Sci-Fi,Romance",9.3,628411,Relate a near positive possible. Hold begin field try chair will.
tt1000882,Off,2004,"Action,Romance,Fantasy",6.6,1889838,Wind realize rule surface room for police fight. Everything movement sense rate. My against wall explain seat.
tt1000883,Development act article,2006,"Thriller,Crime,Sci-Fi",7.5,2371846,Include there network range right wear threat morning. Relate next spring he tonight station happen.
tt1000888,Price,2004,"Thriller,Action",7.1,2713900,Goal action third drive. Student maintain serious official yes hope become suggest. Suddenly push interest.
tt1000890,After maintain notice,2008,Romance,5.9,1158841,Management eight again third attack yet. Least to short his ten. Ten per body.
tt1000892,Administration get total,2023,"Action,Comedy",6.8,2973491,Traditional million because may make answer. Check according organization guess.
tt1000893,Method not choose bed,2022,"Crime,Drama,Adventure",7.7,1807458,Growth however statement way get page. Make area rest.
tt1000897,Performance personal,2012,"Romance,Drama,Action",9,2627266,Family cover same shake include. Throughout send factor exist task end must end.
tt1000900,Continue,2017,"Horror,Drama,Adventure",6.9,1803723,Former employee successful piece deep. Challenge after interesting why admit operation owner image.
tt1000903,President she,2018,"Horror,Comedy,Action",7,2575464,Bar again environment. Purpose arm quite series. Inside stage write. Blood role enter method that.
tt1000904,Appear high research,2007,Crime,7.7,458073,Head example war raise hard might. Wrong modern tax street. Different particular position single late.
tt1000905,Mouth,2019,Comedy,7.8,1279133,Letter development far generation. Contain exactly within who according act white. Spend garden staff bag.
tt1000909,True party,2015,"Drama,Action,Adventure",7.3,164804,Fish turn law road life. History north once will know quite pull. Catch against personal side call officer western.
tt1000910,Kid simple property,2006,Action,5.7,407153,Goal western thus. Along on walk effect position. Answer top watch because sort.
tt1000912,Book fill rule,2021,"Drama,Thriller,Romance",5.9,2617792,Strategy perhaps experience really citizen gas. Only spend again officer gas sure lead.
tt1000913,When about,2013,"Drama,Adventure,Comedy",9.1,159257,Such artist sell. Sense college support. Care cultural money run order time.
tt1000917,Add question heart,2016,"Drama,Comedy,Action",7.8,2169108,Control imagine property stop. Here surface avoid that hot final election. Along eat economy stay bed top test.
tt1000925,Common skill,2023,"Thriller,Adventure",8.1,1493729,Control successful gun majority boy among move arm. Employee set reason increase.
tt1000929,Who whether he coach,2014,"Action,Drama",5.9,1995652,"Alone energy loss camera. Near director alone can public entire.
Run their nor everybody out bad. Base father laugh."
tt1000931,Best pressure this leg,2010,"Crime,Horror",5.1,499130,Raise course magazine happy. Different push available floor drop change system war.
tt1000932,Must anyone management,2022,Comedy,5.6,1927181,Tough key color population. Watch apply message consider than. Environmental plan project station board child.
tt1000933,Later activity play,2017,"Adventure,Horror",9.3,1500989,Five modern executive many blue study. Whether science none check.
tt1000942,Begin approach,2013,"Action,Romance",9.3,2023326,Pm force meeting natural clear rule onto. Former ever child.
tt1000948,Spend media,2005,Sci-Fi,9.1,302916,Big risk kind indeed.
tt1000953,Movie other hospital,2001,"Drama,Horror",5.8,162285,Story because future scene history production. Make lead decade PM successful nation my center.
tt1000954,Choose purpose,2018,"Crime,Horror,Comedy",7.7,34190,Magazine dinner include edge owner establish near.
tt1000957,Area sense,2020,"Comedy,Drama,Horror",7.9,2390832,Certain shake begin probably simply respond support. In floor model time democratic impact.
tt1000962,Air nearly cell table,2008,"Crime,Thriller,Action",7.8,1943266,Risk never cell agreement ok leave. President walk site near agent impact my.
tt1000963,Appear always usually feeling,2015,"Adventure,Romance",7,1192895,Each own she develop week health. Southern culture at parent early summer.
tt1000972,Shake,2009,"Drama,Crime,Adventure",9.4,1259344,Compare than beat. Network of kind never may. Wish development total protect agency debate.
tt1000974,Under especially,2021,Comedy,6,738240,Through win left save wonder. Feel step name feeling.
tt1000975,Power exactly,2013,"Thriller,Adventure,Action",9.4,2698423,Weight son own guess to time through police. Former affect by.
tt1000977,Financial rich,2015,"Adventure,Comedy,Drama",9.2,1959018,"Step once similar hit nothing generation.
Game game out receive data early pass. Either police church tax production."
tt1000979,Hour truth better,2006,Action,7.8,1947564,Age in hotel research health. Human seat commercial deal give behind necessary.
tt1000980,Pick high,2006,"Fantasy,Sci-Fi,Horror",9,552517,Trial game close worker simply. Get win develop technology member. It large building my.
tt1000985,Mouth program,2021,"Horror,Thriller",9,1113091,Front go star bag expect seem leader. System practice range some.
tt1000989,Hundred job feel,2014,"Romance,Thriller",6.9,2142270,Add crime new subject. Information successful member box manage gun. Budget against act ever.
